{
    "name": "DockerSwarmGettingStarted",
    "description": "Deploy sample application to a docker swarm from docker Getting Started Lab",
    "enforceCompleteSnapshots": false,
    "propSheet": {"properties": [
        {
            "name": "SwarmManagerAddress",
            "value": "9.42.9.79:2377",
            "description": "",
            "secure": false
        },
        {
            "name": "SwarmWorkerToken",
            "value": "SWMTKN-1-2fslk0k2jc90e0iwvc0ve0js3g7gib9q2vrku55vc57f5jpone-d4p7ixwjbbnpz7i6pou5wvxls",
            "description": "",
            "secure": false
        }
    ]},
    "templatePropSheet": {
        "name": "template",
        "properties": []
    },
    "components": [{
        "name": "GettingStarted",
        "description": "",
        "created": 1501080451205,
        "componentType": "STANDARD",
        "ignoreQualifiers": 0,
        "importAutomatically": false,
        "useVfs": true,
        "active": true,
        "deleted": false,
        "defaultVersionType": "FULL",
        "cleanupDaysToKeep": 0,
        "cleanupCountToKeep": 0,
        "sourceConfigPluginName": "File System (Versioned)",
        "envPropDefs": [],
        "resPropDefs": [],
        "versionPropDefs": [],
        "propSheetGroup": {"propSheets": [
            {
                "name": "FileSystemVersionedComponentProperties",
                "properties": [
                    {
                        "name": "basePath",
                        "value": "\/home\/ibmadmin\/DockerGettingStartedLab",
                        "description": "",
                        "secure": false
                    },
                    {
                        "name": "excludes",
                        "description": "",
                        "secure": false
                    },
                    {
                        "name": "extensions",
                        "description": "",
                        "secure": false
                    },
                    {
                        "name": "includes",
                        "description": "",
                        "secure": false
                    },
                    {
                        "name": "saveFileExecuteBits",
                        "value": "false",
                        "description": "",
                        "secure": false
                    }
                ]
            },
            {
                "name": "custom",
                "properties": []
            },
            {
                "name": "template",
                "properties": []
            }
        ]},
        "processes": [
            {
                "name": "Deploy Stack",
                "description": "",
                "defaultWorkingDir": "${p:resource\/work.dir}\/${p:component.name}",
                "takesVersion": true,
                "inventoryActionType": "ADD",
                "status": "Active",
                "configActionType": "ADD",
                "active": true,
                "path": "components\/d0f557a0-f73e-490c-ac20-faecd9864b6f\/processes\/cbf9755f-eaa9-4626-811d-da5d88bc6b51",
                "deleted": false,
                "propDefs": [],
                "rootActivity": {
                    "edges": [
                        {
                            "to": "8d59ab1320678fc96056bedee8d5e8",
                            "from": "Deploy Stack",
                            "type": "SUCCESS",
                            "value": ""
                        },
                        {
                            "to": "Download Artifacts",
                            "type": "ALWAYS",
                            "value": ""
                        },
                        {
                            "to": "Deploy Stack",
                            "from": "Download Artifacts",
                            "type": "SUCCESS",
                            "value": ""
                        }
                    ],
                    "offsets": [
                        {
                            "name": "Download Artifacts",
                            "x": -75,
                            "y": 180,
                            "h": 70,
                            "w": 260
                        },
                        {
                            "name": "8d59ab1320678fc96056bedee8d5e8",
                            "x": -5,
                            "y": 520,
                            "h": 80,
                            "w": 120
                        },
                        {
                            "name": "Deploy Stack",
                            "x": -55,
                            "y": 350,
                            "h": 70,
                            "w": 220
                        }
                    ],
                    "layoutMode": "auto",
                    "type": "graph",
                    "name": "8e9db87f-49bd-4302-8271-20485e30c4ac",
                    "children": [
                        {
                            "type": "finish",
                            "name": "8d59ab1320678fc96056bedee8d5e8",
                            "children": []
                        },
                        {
                            "allowFailure": false,
                            "useImpersonation": false,
                            "showHidden": false,
                            "impersonationUseSudo": false,
                            "pluginVersion": 9,
                            "commandName": "Deploy Stack",
                            "pluginName": "Docker",
                            "properties": {
                                "stackName": "GettingStarted",
                                "composeFile": "docker-compose.yaml",
                                "bundleFile": "",
                                "commandOptions": "",
                                "globalOptions": "",
                                "envVars": ""
                            },
                            "type": "plugin",
                            "name": "Deploy Stack",
                            "children": []
                        },
                        {
                            "allowFailure": false,
                            "useImpersonation": false,
                            "showHidden": false,
                            "impersonationUseSudo": false,
                            "pluginVersion": 30,
                            "commandName": "Download Artifacts",
                            "pluginName": "UrbanCode Deploy Versioned File Storage",
                            "properties": {
                                "directoryOffset": ".",
                                "artifactSetBaseDir": "",
                                "fileIncludePatterns": "**\/*",
                                "fileExcludePatterns": "",
                                "syncMode": "true",
                                "fullVerification": "true",
                                "setFileExecuteBits": "false",
                                "verifyFileIntegrity": "false",
                                "versionId": "${p:version.id}",
                                "serverUrl": "${p:server.url}",
                                "compId": "${p:component.id}",
                                "resId": "${p:resource.id}",
                                "charset": "",
                                "label": ""
                            },
                            "type": "plugin",
                            "name": "Download Artifacts",
                            "children": []
                        }
                    ]
                }
            },
            {
                "name": "Initialize Swarm",
                "description": "",
                "defaultWorkingDir": "${p:resource\/work.dir}\/${p:component.name}",
                "takesVersion": true,
                "status": "",
                "active": true,
                "path": "components\/d0f557a0-f73e-490c-ac20-faecd9864b6f\/processes\/7b948251-6fa9-44c3-9e34-57e47f6583b3",
                "deleted": false,
                "propDefs": [],
                "rootActivity": {
                    "edges": [
                        {
                            "to": "Initialize Swarm",
                            "type": "ALWAYS",
                            "value": ""
                        },
                        {
                            "to": "Create SwarmWorkerToken Application Property",
                            "from": "Initialize Swarm",
                            "type": "SUCCESS",
                            "value": ""
                        },
                        {
                            "to": "Create SwarmManagerAddress Application Property",
                            "from": "Create SwarmWorkerToken Application Property",
                            "type": "SUCCESS",
                            "value": ""
                        },
                        {
                            "to": "6b51054cc2cd53dc51b0322a544d34",
                            "from": "Create SwarmManagerAddress Application Property",
                            "type": "SUCCESS",
                            "value": ""
                        }
                    ],
                    "offsets": [
                        {
                            "name": "6b51054cc2cd53dc51b0322a544d34",
                            "x": -5,
                            "y": 590,
                            "h": 80,
                            "w": 120
                        },
                        {
                            "name": "Create SwarmWorkerToken Application Property",
                            "x": -150,
                            "y": 300,
                            "h": 70,
                            "w": 410
                        },
                        {
                            "name": "Create SwarmManagerAddress Application Property",
                            "x": -160,
                            "y": 445,
                            "h": 70,
                            "w": 430
                        },
                        {
                            "name": "Initialize Swarm",
                            "x": -60,
                            "y": 155,
                            "h": 70,
                            "w": 230
                        }
                    ],
                    "layoutMode": "auto",
                    "type": "graph",
                    "name": "0acac594-d19c-439b-b3ec-8a2cfebedbf3",
                    "children": [
                        {
                            "type": "finish",
                            "name": "6b51054cc2cd53dc51b0322a544d34",
                            "children": []
                        },
                        {
                            "allowFailure": false,
                            "useImpersonation": false,
                            "showHidden": false,
                            "impersonationUseSudo": false,
                            "pluginVersion": 9,
                            "commandName": "Initialize Swarm",
                            "pluginName": "Docker",
                            "properties": {
                                "commandOptions": "",
                                "globalOptions": "",
                                "envVars": ""
                            },
                            "type": "plugin",
                            "name": "Initialize Swarm",
                            "children": []
                        },
                        {
                            "allowFailure": false,
                            "useImpersonation": false,
                            "showHidden": false,
                            "impersonationUseSudo": false,
                            "pluginVersion": 78,
                            "commandName": "Create Application Property",
                            "pluginName": "UrbanCode Deploy Applications",
                            "properties": {
                                "application": "${p:application.name}",
                                "name": "SwarmWorkerToken",
                                "value": "${p:Initialize Swarm\/swarmWorkerToken}",
                                "isSecure": "false"
                            },
                            "type": "plugin",
                            "name": "Create SwarmWorkerToken Application Property",
                            "children": []
                        },
                        {
                            "allowFailure": false,
                            "useImpersonation": false,
                            "showHidden": false,
                            "impersonationUseSudo": false,
                            "pluginVersion": 78,
                            "commandName": "Create Application Property",
                            "pluginName": "UrbanCode Deploy Applications",
                            "properties": {
                                "application": "${p:application.name}",
                                "name": "SwarmManagerAddress",
                                "value": "${p:Initialize Swarm\/swarmManagerAddress}",
                                "isSecure": "false"
                            },
                            "type": "plugin",
                            "name": "Create SwarmManagerAddress Application Property",
                            "children": []
                        }
                    ]
                }
            },
            {
                "name": "Join Swarm",
                "description": "",
                "defaultWorkingDir": "${p:resource\/work.dir}\/${p:component.name}",
                "takesVersion": true,
                "status": "",
                "active": true,
                "path": "components\/d0f557a0-f73e-490c-ac20-faecd9864b6f\/processes\/fb0d39bc-8b46-49e5-862c-a079457ae4bd",
                "deleted": false,
                "propDefs": [],
                "rootActivity": {
                    "edges": [
                        {
                            "to": "8a966b5236e98fb60a030bf0433d82",
                            "from": "6c0f5301dc55d24110c6dc111729f5",
                            "type": "SUCCESS",
                            "value": ""
                        },
                        {
                            "to": "Join Swarm As Worker Node",
                            "type": "ALWAYS",
                            "value": ""
                        },
                        {
                            "to": "6c0f5301dc55d24110c6dc111729f5",
                            "from": "Join Swarm As Worker Node",
                            "type": "SUCCESS",
                            "value": ""
                        }
                    ],
                    "offsets": [
                        {
                            "name": "8a966b5236e98fb60a030bf0433d82",
                            "x": -5,
                            "y": 500,
                            "h": 80,
                            "w": 120
                        },
                        {
                            "name": "6c0f5301dc55d24110c6dc111729f5",
                            "x": -40,
                            "y": 350,
                            "h": 70,
                            "w": 190
                        },
                        {
                            "name": "Join Swarm As Worker Node",
                            "x": -85,
                            "y": 180,
                            "h": 70,
                            "w": 280
                        }
                    ],
                    "layoutMode": "auto",
                    "type": "graph",
                    "name": "b5fd7f98-348e-4fc9-846a-242b680a2a35",
                    "children": [
                        {
                            "type": "finish",
                            "name": "8a966b5236e98fb60a030bf0433d82",
                            "children": []
                        },
                        {
                            "allowFailure": false,
                            "useImpersonation": false,
                            "showHidden": false,
                            "impersonationUseSudo": false,
                            "pluginVersion": 9,
                            "commandName": "Join Swarm",
                            "pluginName": "Docker",
                            "properties": {
                                "managerAddress": "${p:application\/SwarmManagerAddress}",
                                "joinToken": "${p:application\/SwarmWorkerToken}",
                                "commandOptions": "",
                                "globalOptions": "",
                                "envVars": ""
                            },
                            "type": "plugin",
                            "name": "Join Swarm As Worker Node",
                            "children": []
                        },
                        {
                            "status": "Active",
                            "type": "addResourceInventory",
                            "name": "6c0f5301dc55d24110c6dc111729f5",
                            "children": []
                        }
                    ]
                }
            },
            {
                "name": "Leave Swarm",
                "description": "",
                "defaultWorkingDir": "${p:resource\/work.dir}\/${p:component.name}",
                "takesVersion": false,
                "status": "",
                "active": true,
                "path": "components\/d0f557a0-f73e-490c-ac20-faecd9864b6f\/processes\/2bf0685a-9943-4e5b-a145-341ae56c850a",
                "deleted": false,
                "propDefs": [],
                "rootActivity": {
                    "edges": [
                        {
                            "to": "a036a2998ac00cf8002974b6062dc5",
                            "from": "Leave Swarm",
                            "type": "SUCCESS",
                            "value": ""
                        },
                        {
                            "to": "Leave Swarm",
                            "type": "ALWAYS",
                            "value": ""
                        }
                    ],
                    "offsets": [
                        {
                            "name": "a036a2998ac00cf8002974b6062dc5",
                            "x": -5,
                            "y": 450,
                            "h": 80,
                            "w": 120
                        },
                        {
                            "name": "Leave Swarm",
                            "x": -55,
                            "y": 230,
                            "h": 70,
                            "w": 220
                        }
                    ],
                    "layoutMode": "auto",
                    "type": "graph",
                    "name": "191b13c5-ee0b-494e-a67d-5741836de49d",
                    "children": [
                        {
                            "type": "finish",
                            "name": "a036a2998ac00cf8002974b6062dc5",
                            "children": []
                        },
                        {
                            "allowFailure": false,
                            "useImpersonation": false,
                            "showHidden": false,
                            "impersonationUseSudo": false,
                            "pluginVersion": 9,
                            "commandName": "Leave Swarm",
                            "pluginName": "Docker",
                            "properties": {
                                "commandOptions": "--force",
                                "globalOptions": "",
                                "envVars": ""
                            },
                            "type": "plugin",
                            "name": "Leave Swarm",
                            "children": []
                        }
                    ]
                }
            },
            {
                "name": "Remove Stack",
                "description": "Remove the GettingStarted stack",
                "defaultWorkingDir": "${p:resource\/work.dir}\/${p:component.name}",
                "takesVersion": true,
                "inventoryActionType": "REMOVE",
                "status": "Active",
                "active": true,
                "path": "components\/d0f557a0-f73e-490c-ac20-faecd9864b6f\/processes\/21f88bec-1acb-4208-b1b0-89585e3755a9",
                "deleted": false,
                "propDefs": [],
                "rootActivity": {
                    "edges": [
                        {
                            "to": "Remove Stack",
                            "type": "ALWAYS",
                            "value": ""
                        },
                        {
                            "to": "0eac1f4591929d0955256e551d48cb",
                            "from": "Remove Stack",
                            "type": "SUCCESS",
                            "value": ""
                        }
                    ],
                    "offsets": [
                        {
                            "name": "0eac1f4591929d0955256e551d48cb",
                            "x": -5,
                            "y": 450,
                            "h": 80,
                            "w": 120
                        },
                        {
                            "name": "Remove Stack",
                            "x": -60,
                            "y": 230,
                            "h": 70,
                            "w": 230
                        }
                    ],
                    "layoutMode": "auto",
                    "type": "graph",
                    "name": "92c1d1ad-c714-44cd-8764-c438b6dbc22f",
                    "children": [
                        {
                            "type": "finish",
                            "name": "0eac1f4591929d0955256e551d48cb",
                            "children": []
                        },
                        {
                            "allowFailure": false,
                            "useImpersonation": false,
                            "showHidden": false,
                            "impersonationUseSudo": false,
                            "pluginVersion": 9,
                            "commandName": "Remove Stack",
                            "pluginName": "Docker",
                            "properties": {
                                "stackName": "GettingStarted",
                                "globalOptions": "",
                                "envVars": ""
                            },
                            "type": "plugin",
                            "name": "Remove Stack",
                            "children": []
                        }
                    ]
                }
            }
        ],
        "configTemplates": [],
        "genericProcesses": [],
        "teamMappings": [{
            "teamId": "c2e4f06a-19c8-4c99-8fdc-0883bfcec120",
            "teamLabel": "Container Team",
            "resourceTypeId": "20000000000000000000000000000101",
            "resourceTypeName": "Component"
        }],
        "tags": []
    }],
    "environments": [{
        "name": "DEV",
        "description": "",
        "color": "#00B2EF",
        "requireApprovals": false,
        "noSelfApprovals": false,
        "exemptProcesses": [],
        "lockSnapshots": false,
        "cleanupDaysToKeep": 0,
        "cleanupCountToKeep": 0,
        "enableProcessHistoryCleanup": false,
        "useSystemDefaultDays": true,
        "historyCleanupDaysToKeep": 365,
        "order": 0,
        "active": true,
        "propSheet": {"properties": []},
        "templatePropSheet": {
            "name": "template",
            "properties": []
        },
        "baseResources": [{
            "path": "\/DockerGettingStartedLab",
            "id": "c9d126eb-eb23-47f9-a4cc-0bab241f0c3e"
        }],
        "componentPropSheets": [{
            "properties": [],
            "componentName": "GettingStarted"
        }],
        "versionConditions": [],
        "teamMappings": [{
            "teamId": "c2e4f06a-19c8-4c99-8fdc-0883bfcec120",
            "teamLabel": "Container Team",
            "resourceTypeId": "20000000000000000000000000000103",
            "resourceTypeName": "Environment"
        }]
    }],
    "statuses": [],
    "processes": [
        {
            "name": "CreateDockerSwarmAndDeployStack",
            "description": "",
            "inventoryManagementType": "AUTOMATIC",
            "offlineAgentHandling": "PRE_EXECUTION_CHECK",
            "rootActivity": {
                "edges": [
                    {
                        "to": "ca132d38d42f1ef5780d4ce94265e2",
                        "type": "ALWAYS",
                        "value": ""
                    },
                    {
                        "to": "65d724abd0dd7597d4a4cd86ae9131",
                        "from": "Join Swarm",
                        "type": "SUCCESS",
                        "value": ""
                    },
                    {
                        "to": "Join Swarm",
                        "from": "ca132d38d42f1ef5780d4ce94265e2",
                        "type": "SUCCESS",
                        "value": ""
                    },
                    {
                        "to": "9a1b5c7f7eb96623476c648207777e",
                        "from": "65d724abd0dd7597d4a4cd86ae9131",
                        "type": "SUCCESS",
                        "value": ""
                    }
                ],
                "offsets": [
                    {
                        "name": "65d724abd0dd7597d4a4cd86ae9131",
                        "x": -160,
                        "y": 820,
                        "h": 90,
                        "w": 450
                    },
                    {
                        "name": "9a1b5c7f7eb96623476c648207777e",
                        "x": -5,
                        "y": 960,
                        "h": 90,
                        "w": 140
                    },
                    {
                        "name": "Join Swarm",
                        "x": -190,
                        "y": 280,
                        "h": 490,
                        "w": 510
                    },
                    {
                        "name": "ca132d38d42f1ef5780d4ce94265e2",
                        "x": -165,
                        "y": 140,
                        "h": 90,
                        "w": 460
                    }
                ],
                "layoutMode": "auto",
                "type": "graph",
                "name": "7ae95a74-48f3-4638-8590-2a455954c23a",
                "children": [
                    {
                        "type": "finish",
                        "name": "9a1b5c7f7eb96623476c648207777e",
                        "children": []
                    },
                    {
                        "name": "Join Swarm",
                        "tags": [{
                            "objectType": "Resource",
                            "name": "SwarmWorker",
                            "description": "",
                            "color": "#00B2EF"
                        }],
                        "maxIteration": "1",
                        "type": "eachTagIterator",
                        "children": [{
                            "edges": [
                                {
                                    "to": "c770bf52ac410edf94f03237b28547",
                                    "type": "ALWAYS",
                                    "value": ""
                                },
                                {
                                    "to": "363a22172e319986a0abbea9cdc44d",
                                    "from": "c770bf52ac410edf94f03237b28547",
                                    "type": "SUCCESS",
                                    "value": ""
                                }
                            ],
                            "offsets": [
                                {
                                    "name": "363a22172e319986a0abbea9cdc44d",
                                    "x": 180,
                                    "y": 362,
                                    "h": 90,
                                    "w": 140
                                },
                                {
                                    "name": "c770bf52ac410edf94f03237b28547",
                                    "x": 30,
                                    "y": 222,
                                    "h": 90,
                                    "w": 440
                                }
                            ],
                            "startX": 185,
                            "startY": 82,
                            "layoutMode": "auto",
                            "type": "graph",
                            "name": "2986b500-21d3-4c88-b334-c93c22ad99d6",
                            "children": [
                                {
                                    "type": "finish",
                                    "name": "363a22172e319986a0abbea9cdc44d",
                                    "children": []
                                },
                                {
                                    "componentName": "GettingStarted",
                                    "tag": {
                                        "objectType": "Resource",
                                        "name": "SwarmWorker",
                                        "description": "",
                                        "color": "#00B2EF"
                                    },
                                    "properties": [
                                        {
                                            "name": "maxIteration",
                                            "value": "-1"
                                        },
                                        {
                                            "name": "runOnlyOnFirst",
                                            "value": "false"
                                        },
                                        {
                                            "name": "failFast",
                                            "value": "false"
                                        }
                                    ],
                                    "type": "componentEnvironmentIterator",
                                    "name": "c770bf52ac410edf94f03237b28547",
                                    "children": [{
                                        "componentName": "GettingStarted",
                                        "status": "Active",
                                        "type": "inventoryVersionDiff",
                                        "name": "a808807d-fd28-4f99-a117-a8f7d1fb2d3e",
                                        "children": [{
                                            "componentProcessName": "Join Swarm",
                                            "componentName": "GettingStarted",
                                            "allowFailure": false,
                                            "properties": {},
                                            "type": "componentProcess",
                                            "name": "Install GettingStarted (Join Swarm)",
                                            "children": []
                                        }]
                                    }]
                                }
                            ]
                        }]
                    },
                    {
                        "componentName": "GettingStarted",
                        "tag": {
                            "objectType": "Resource",
                            "name": "SwarmManager",
                            "description": "",
                            "color": "#00B2EF"
                        },
                        "properties": [
                            {
                                "name": "maxIteration",
                                "value": "-1"
                            },
                            {
                                "name": "runOnlyOnFirst",
                                "value": "false"
                            },
                            {
                                "name": "failFast",
                                "value": "false"
                            }
                        ],
                        "type": "componentEnvironmentIterator",
                        "name": "ca132d38d42f1ef5780d4ce94265e2",
                        "children": [{
                            "componentName": "GettingStarted",
                            "status": "Active",
                            "type": "inventoryVersionDiff",
                            "name": "8ac5e54a-81f3-4542-82fa-97cd924670a0",
                            "children": [{
                                "componentProcessName": "Initialize Swarm",
                                "componentName": "GettingStarted",
                                "allowFailure": false,
                                "properties": {},
                                "type": "componentProcess",
                                "name": "Install GettingStarted (Create Swarm)",
                                "children": []
                            }]
                        }]
                    },
                    {
                        "componentName": "GettingStarted",
                        "tag": {
                            "objectType": "Resource",
                            "name": "SwarmManager",
                            "description": "",
                            "color": "#00B2EF"
                        },
                        "properties": [
                            {
                                "name": "maxIteration",
                                "value": "-1"
                            },
                            {
                                "name": "runOnlyOnFirst",
                                "value": "false"
                            },
                            {
                                "name": "failFast",
                                "value": "false"
                            }
                        ],
                        "type": "componentEnvironmentIterator",
                        "name": "65d724abd0dd7597d4a4cd86ae9131",
                        "children": [{
                            "componentName": "GettingStarted",
                            "status": "Active",
                            "type": "inventoryVersionDiff",
                            "name": "960091a9-d696-49d1-b1a8-e2ee79784a7d",
                            "children": [{
                                "componentProcessName": "Deploy Stack",
                                "componentName": "GettingStarted",
                                "allowFailure": false,
                                "properties": {},
                                "type": "componentProcess",
                                "name": "Install GettingStarted (Deploy Stack)",
                                "children": []
                            }]
                        }]
                    }
                ]
            },
            "propDefs": [],
            "versionPresets": []
        },
        {
            "name": "RemoveStackAndLeaveSwarm",
            "description": "",
            "inventoryManagementType": "AUTOMATIC",
            "offlineAgentHandling": "PRE_EXECUTION_CHECK",
            "rootActivity": {
                "edges": [
                    {
                        "to": "00f3197158fd7b5d7154b7ca46a28c",
                        "type": "ALWAYS",
                        "value": ""
                    },
                    {
                        "to": "35e3e5a02b5b1b0c3b1b636fb9aaf1",
                        "from": "Leave Swarm",
                        "type": "SUCCESS",
                        "value": ""
                    },
                    {
                        "to": "9a1b5c7f7eb96623476c648207777e",
                        "from": "35e3e5a02b5b1b0c3b1b636fb9aaf1",
                        "type": "SUCCESS",
                        "value": ""
                    },
                    {
                        "to": "Leave Swarm",
                        "from": "00f3197158fd7b5d7154b7ca46a28c",
                        "type": "SUCCESS",
                        "value": ""
                    }
                ],
                "offsets": [
                    {
                        "name": "35e3e5a02b5b1b0c3b1b636fb9aaf1",
                        "x": -160,
                        "y": 790,
                        "h": 80,
                        "w": 440
                    },
                    {
                        "name": "Leave Swarm",
                        "x": -140,
                        "y": 290,
                        "h": 470,
                        "w": 400
                    },
                    {
                        "name": "9a1b5c7f7eb96623476c648207777e",
                        "x": -5,
                        "y": 920,
                        "h": 90,
                        "w": 130
                    },
                    {
                        "name": "00f3197158fd7b5d7154b7ca46a28c",
                        "x": -95,
                        "y": 140,
                        "h": 100,
                        "w": 310
                    }
                ],
                "layoutMode": "auto",
                "type": "graph",
                "name": "7c346f66-7d33-4547-b0c4-408e136abedd",
                "children": [
                    {
                        "type": "finish",
                        "name": "9a1b5c7f7eb96623476c648207777e",
                        "children": []
                    },
                    {
                        "name": "Leave Swarm",
                        "tags": [{
                            "objectType": "Resource",
                            "name": "SwarmWorker",
                            "description": "",
                            "color": "#00B2EF"
                        }],
                        "maxIteration": "1",
                        "type": "eachTagIterator",
                        "children": [{
                            "edges": [
                                {
                                    "to": "77b7b3562f18e5237d90c8bd5e2cc0",
                                    "type": "ALWAYS",
                                    "value": ""
                                },
                                {
                                    "to": "363a22172e319986a0abbea9cdc44d",
                                    "from": "77b7b3562f18e5237d90c8bd5e2cc0",
                                    "type": "SUCCESS",
                                    "value": ""
                                }
                            ],
                            "offsets": [
                                {
                                    "name": "363a22172e319986a0abbea9cdc44d",
                                    "x": 130,
                                    "y": 344,
                                    "h": 90,
                                    "w": 130
                                },
                                {
                                    "name": "77b7b3562f18e5237d90c8bd5e2cc0",
                                    "x": 30,
                                    "y": 214,
                                    "h": 80,
                                    "w": 330
                                }
                            ],
                            "startX": 135,
                            "startY": 74,
                            "layoutMode": "auto",
                            "type": "graph",
                            "name": "745c7bec-8840-4669-8711-8141c0a1c7c3",
                            "children": [
                                {
                                    "type": "finish",
                                    "name": "363a22172e319986a0abbea9cdc44d",
                                    "children": []
                                },
                                {
                                    "componentName": "GettingStarted",
                                    "tag": {
                                        "objectType": "Resource",
                                        "name": "SwarmWorker",
                                        "description": "",
                                        "color": "#00B2EF"
                                    },
                                    "properties": [
                                        {
                                            "name": "maxIteration",
                                            "value": "-1"
                                        },
                                        {
                                            "name": "runOnlyOnFirst",
                                            "value": "false"
                                        },
                                        {
                                            "name": "failFast",
                                            "value": "false"
                                        }
                                    ],
                                    "type": "componentEnvironmentIterator",
                                    "name": "77b7b3562f18e5237d90c8bd5e2cc0",
                                    "children": [{
                                        "componentName": "GettingStarted",
                                        "type": "configurationDiff",
                                        "name": "faea9ccc-29be-46df-bd61-1ce261b34b04",
                                        "children": [{
                                            "componentProcessName": "Leave Swarm",
                                            "componentName": "GettingStarted",
                                            "allowFailure": false,
                                            "properties": {},
                                            "type": "componentProcess",
                                            "name": "Workers leave swarm",
                                            "children": []
                                        }]
                                    }]
                                }
                            ]
                        }]
                    },
                    {
                        "componentName": "GettingStarted",
                        "tag": {
                            "objectType": "Resource",
                            "name": "SwarmManager",
                            "description": "",
                            "color": "#00B2EF"
                        },
                        "properties": [
                            {
                                "name": "maxIteration",
                                "value": "-1"
                            },
                            {
                                "name": "runOnlyOnFirst",
                                "value": "false"
                            },
                            {
                                "name": "failFast",
                                "value": "false"
                            }
                        ],
                        "type": "componentEnvironmentIterator",
                        "name": "35e3e5a02b5b1b0c3b1b636fb9aaf1",
                        "children": [{
                            "componentName": "GettingStarted",
                            "type": "configurationDiff",
                            "name": "0da28987-74fe-4c9d-8db3-5c2e2535b237",
                            "children": [{
                                "componentProcessName": "Leave Swarm",
                                "componentName": "GettingStarted",
                                "allowFailure": false,
                                "properties": {},
                                "type": "componentProcess",
                                "name": "Tear-down swarm (manager leave swarm)",
                                "children": []
                            }]
                        }]
                    },
                    {
                        "componentName": "GettingStarted",
                        "tag": {
                            "objectType": "Resource",
                            "name": "SwarmManager",
                            "description": "",
                            "color": "#00B2EF"
                        },
                        "properties": [
                            {
                                "name": "maxIteration",
                                "value": "-1"
                            },
                            {
                                "name": "failFast",
                                "value": "false"
                            }
                        ],
                        "type": "componentEnvironmentIterator",
                        "name": "00f3197158fd7b5d7154b7ca46a28c",
                        "children": [{
                            "componentName": "GettingStarted",
                            "component": {
                                "name": "GettingStarted",
                                "description": "",
                                "created": 1501080451205,
                                "componentType": "STANDARD",
                                "ignoreQualifiers": 0,
                                "importAutomatically": false,
                                "useVfs": true,
                                "active": true,
                                "deleted": false,
                                "defaultVersionType": "FULL",
                                "cleanupDaysToKeep": 0,
                                "cleanupCountToKeep": 0,
                                "sourceConfigPluginName": "File System (Versioned)",
                                "envPropDefs": [],
                                "resPropDefs": [],
                                "versionPropDefs": [],
                                "propSheetGroup": {"propSheets": [
                                    {
                                        "name": "FileSystemVersionedComponentProperties",
                                        "properties": [
                                            {
                                                "name": "basePath",
                                                "value": "\/home\/ibmadmin\/DockerGettingStartedLab",
                                                "description": "",
                                                "secure": false
                                            },
                                            {
                                                "name": "excludes",
                                                "description": "",
                                                "secure": false
                                            },
                                            {
                                                "name": "extensions",
                                                "description": "",
                                                "secure": false
                                            },
                                            {
                                                "name": "includes",
                                                "description": "",
                                                "secure": false
                                            },
                                            {
                                                "name": "saveFileExecuteBits",
                                                "value": "false",
                                                "description": "",
                                                "secure": false
                                            }
                                        ]
                                    },
                                    {
                                        "name": "custom",
                                        "properties": []
                                    },
                                    {
                                        "name": "template",
                                        "properties": []
                                    }
                                ]},
                                "processes": [
                                    {
                                        "name": "Deploy Stack",
                                        "description": "",
                                        "defaultWorkingDir": "${p:resource\/work.dir}\/${p:component.name}",
                                        "takesVersion": true,
                                        "inventoryActionType": "ADD",
                                        "status": "Active",
                                        "configActionType": "ADD",
                                        "active": true,
                                        "path": "components\/d0f557a0-f73e-490c-ac20-faecd9864b6f\/processes\/cbf9755f-eaa9-4626-811d-da5d88bc6b51",
                                        "deleted": false,
                                        "propDefs": [],
                                        "rootActivity": {
                                            "edges": [
                                                {
                                                    "to": "8d59ab1320678fc96056bedee8d5e8",
                                                    "from": "Deploy Stack",
                                                    "type": "SUCCESS",
                                                    "value": ""
                                                },
                                                {
                                                    "to": "Download Artifacts",
                                                    "type": "ALWAYS",
                                                    "value": ""
                                                },
                                                {
                                                    "to": "Deploy Stack",
                                                    "from": "Download Artifacts",
                                                    "type": "SUCCESS",
                                                    "value": ""
                                                }
                                            ],
                                            "offsets": [
                                                {
                                                    "name": "Download Artifacts",
                                                    "x": -75,
                                                    "y": 180,
                                                    "h": 70,
                                                    "w": 260
                                                },
                                                {
                                                    "name": "8d59ab1320678fc96056bedee8d5e8",
                                                    "x": -5,
                                                    "y": 520,
                                                    "h": 80,
                                                    "w": 120
                                                },
                                                {
                                                    "name": "Deploy Stack",
                                                    "x": -55,
                                                    "y": 350,
                                                    "h": 70,
                                                    "w": 220
                                                }
                                            ],
                                            "layoutMode": "auto",
                                            "type": "graph",
                                            "name": "8e9db87f-49bd-4302-8271-20485e30c4ac",
                                            "children": [
                                                {
                                                    "type": "finish",
                                                    "name": "8d59ab1320678fc96056bedee8d5e8",
                                                    "children": []
                                                },
                                                {
                                                    "allowFailure": false,
                                                    "useImpersonation": false,
                                                    "showHidden": false,
                                                    "impersonationUseSudo": false,
                                                    "pluginVersion": 9,
                                                    "commandName": "Deploy Stack",
                                                    "pluginName": "Docker",
                                                    "properties": {
                                                        "stackName": "GettingStarted",
                                                        "composeFile": "docker-compose.yaml",
                                                        "bundleFile": "",
                                                        "commandOptions": "",
                                                        "globalOptions": "",
                                                        "envVars": ""
                                                    },
                                                    "type": "plugin",
                                                    "name": "Deploy Stack",
                                                    "children": []
                                                },
                                                {
                                                    "allowFailure": false,
                                                    "useImpersonation": false,
                                                    "showHidden": false,
                                                    "impersonationUseSudo": false,
                                                    "pluginVersion": 30,
                                                    "commandName": "Download Artifacts",
                                                    "pluginName": "UrbanCode Deploy Versioned File Storage",
                                                    "properties": {
                                                        "directoryOffset": ".",
                                                        "artifactSetBaseDir": "",
                                                        "fileIncludePatterns": "**\/*",
                                                        "fileExcludePatterns": "",
                                                        "syncMode": "true",
                                                        "fullVerification": "true",
                                                        "setFileExecuteBits": "false",
                                                        "verifyFileIntegrity": "false",
                                                        "versionId": "${p:version.id}",
                                                        "serverUrl": "${p:server.url}",
                                                        "compId": "${p:component.id}",
                                                        "resId": "${p:resource.id}",
                                                        "charset": "",
                                                        "label": ""
                                                    },
                                                    "type": "plugin",
                                                    "name": "Download Artifacts",
                                                    "children": []
                                                }
                                            ]
                                        }
                                    },
                                    {
                                        "name": "Initialize Swarm",
                                        "description": "",
                                        "defaultWorkingDir": "${p:resource\/work.dir}\/${p:component.name}",
                                        "takesVersion": true,
                                        "status": "",
                                        "active": true,
                                        "path": "components\/d0f557a0-f73e-490c-ac20-faecd9864b6f\/processes\/7b948251-6fa9-44c3-9e34-57e47f6583b3",
                                        "deleted": false,
                                        "propDefs": [],
                                        "rootActivity": {
                                            "edges": [
                                                {
                                                    "to": "Initialize Swarm",
                                                    "type": "ALWAYS",
                                                    "value": ""
                                                },
                                                {
                                                    "to": "Create SwarmWorkerToken Application Property",
                                                    "from": "Initialize Swarm",
                                                    "type": "SUCCESS",
                                                    "value": ""
                                                },
                                                {
                                                    "to": "Create SwarmManagerAddress Application Property",
                                                    "from": "Create SwarmWorkerToken Application Property",
                                                    "type": "SUCCESS",
                                                    "value": ""
                                                },
                                                {
                                                    "to": "6b51054cc2cd53dc51b0322a544d34",
                                                    "from": "Create SwarmManagerAddress Application Property",
                                                    "type": "SUCCESS",
                                                    "value": ""
                                                }
                                            ],
                                            "offsets": [
                                                {
                                                    "name": "6b51054cc2cd53dc51b0322a544d34",
                                                    "x": -5,
                                                    "y": 590,
                                                    "h": 80,
                                                    "w": 120
                                                },
                                                {
                                                    "name": "Create SwarmWorkerToken Application Property",
                                                    "x": -150,
                                                    "y": 300,
                                                    "h": 70,
                                                    "w": 410
                                                },
                                                {
                                                    "name": "Create SwarmManagerAddress Application Property",
                                                    "x": -160,
                                                    "y": 445,
                                                    "h": 70,
                                                    "w": 430
                                                },
                                                {
                                                    "name": "Initialize Swarm",
                                                    "x": -60,
                                                    "y": 155,
                                                    "h": 70,
                                                    "w": 230
                                                }
                                            ],
                                            "layoutMode": "auto",
                                            "type": "graph",
                                            "name": "0acac594-d19c-439b-b3ec-8a2cfebedbf3",
                                            "children": [
                                                {
                                                    "type": "finish",
                                                    "name": "6b51054cc2cd53dc51b0322a544d34",
                                                    "children": []
                                                },
                                                {
                                                    "allowFailure": false,
                                                    "useImpersonation": false,
                                                    "showHidden": false,
                                                    "impersonationUseSudo": false,
                                                    "pluginVersion": 9,
                                                    "commandName": "Initialize Swarm",
                                                    "pluginName": "Docker",
                                                    "properties": {
                                                        "commandOptions": "",
                                                        "globalOptions": "",
                                                        "envVars": ""
                                                    },
                                                    "type": "plugin",
                                                    "name": "Initialize Swarm",
                                                    "children": []
                                                },
                                                {
                                                    "allowFailure": false,
                                                    "useImpersonation": false,
                                                    "showHidden": false,
                                                    "impersonationUseSudo": false,
                                                    "pluginVersion": 78,
                                                    "commandName": "Create Application Property",
                                                    "pluginName": "UrbanCode Deploy Applications",
                                                    "properties": {
                                                        "application": "${p:application.name}",
                                                        "name": "SwarmWorkerToken",
                                                        "value": "${p:Initialize Swarm\/swarmWorkerToken}",
                                                        "isSecure": "false"
                                                    },
                                                    "type": "plugin",
                                                    "name": "Create SwarmWorkerToken Application Property",
                                                    "children": []
                                                },
                                                {
                                                    "allowFailure": false,
                                                    "useImpersonation": false,
                                                    "showHidden": false,
                                                    "impersonationUseSudo": false,
                                                    "pluginVersion": 78,
                                                    "commandName": "Create Application Property",
                                                    "pluginName": "UrbanCode Deploy Applications",
                                                    "properties": {
                                                        "application": "${p:application.name}",
                                                        "name": "SwarmManagerAddress",
                                                        "value": "${p:Initialize Swarm\/swarmManagerAddress}",
                                                        "isSecure": "false"
                                                    },
                                                    "type": "plugin",
                                                    "name": "Create SwarmManagerAddress Application Property",
                                                    "children": []
                                                }
                                            ]
                                        }
                                    },
                                    {
                                        "name": "Join Swarm",
                                        "description": "",
                                        "defaultWorkingDir": "${p:resource\/work.dir}\/${p:component.name}",
                                        "takesVersion": true,
                                        "status": "",
                                        "active": true,
                                        "path": "components\/d0f557a0-f73e-490c-ac20-faecd9864b6f\/processes\/fb0d39bc-8b46-49e5-862c-a079457ae4bd",
                                        "deleted": false,
                                        "propDefs": [],
                                        "rootActivity": {
                                            "edges": [
                                                {
                                                    "to": "8a966b5236e98fb60a030bf0433d82",
                                                    "from": "6c0f5301dc55d24110c6dc111729f5",
                                                    "type": "SUCCESS",
                                                    "value": ""
                                                },
                                                {
                                                    "to": "Join Swarm As Worker Node",
                                                    "type": "ALWAYS",
                                                    "value": ""
                                                },
                                                {
                                                    "to": "6c0f5301dc55d24110c6dc111729f5",
                                                    "from": "Join Swarm As Worker Node",
                                                    "type": "SUCCESS",
                                                    "value": ""
                                                }
                                            ],
                                            "offsets": [
                                                {
                                                    "name": "8a966b5236e98fb60a030bf0433d82",
                                                    "x": -5,
                                                    "y": 500,
                                                    "h": 80,
                                                    "w": 120
                                                },
                                                {
                                                    "name": "6c0f5301dc55d24110c6dc111729f5",
                                                    "x": -40,
                                                    "y": 350,
                                                    "h": 70,
                                                    "w": 190
                                                },
                                                {
                                                    "name": "Join Swarm As Worker Node",
                                                    "x": -85,
                                                    "y": 180,
                                                    "h": 70,
                                                    "w": 280
                                                }
                                            ],
                                            "layoutMode": "auto",
                                            "type": "graph",
                                            "name": "b5fd7f98-348e-4fc9-846a-242b680a2a35",
                                            "children": [
                                                {
                                                    "type": "finish",
                                                    "name": "8a966b5236e98fb60a030bf0433d82",
                                                    "children": []
                                                },
                                                {
                                                    "allowFailure": false,
                                                    "useImpersonation": false,
                                                    "showHidden": false,
                                                    "impersonationUseSudo": false,
                                                    "pluginVersion": 9,
                                                    "commandName": "Join Swarm",
                                                    "pluginName": "Docker",
                                                    "properties": {
                                                        "managerAddress": "${p:application\/SwarmManagerAddress}",
                                                        "joinToken": "${p:application\/SwarmWorkerToken}",
                                                        "commandOptions": "",
                                                        "globalOptions": "",
                                                        "envVars": ""
                                                    },
                                                    "type": "plugin",
                                                    "name": "Join Swarm As Worker Node",
                                                    "children": []
                                                },
                                                {
                                                    "status": "Active",
                                                    "type": "addResourceInventory",
                                                    "name": "6c0f5301dc55d24110c6dc111729f5",
                                                    "children": []
                                                }
                                            ]
                                        }
                                    },
                                    {
                                        "name": "Leave Swarm",
                                        "description": "",
                                        "defaultWorkingDir": "${p:resource\/work.dir}\/${p:component.name}",
                                        "takesVersion": false,
                                        "status": "",
                                        "active": true,
                                        "path": "components\/d0f557a0-f73e-490c-ac20-faecd9864b6f\/processes\/2bf0685a-9943-4e5b-a145-341ae56c850a",
                                        "deleted": false,
                                        "propDefs": [],
                                        "rootActivity": {
                                            "edges": [
                                                {
                                                    "to": "a036a2998ac00cf8002974b6062dc5",
                                                    "from": "Leave Swarm",
                                                    "type": "SUCCESS",
                                                    "value": ""
                                                },
                                                {
                                                    "to": "Leave Swarm",
                                                    "type": "ALWAYS",
                                                    "value": ""
                                                }
                                            ],
                                            "offsets": [
                                                {
                                                    "name": "a036a2998ac00cf8002974b6062dc5",
                                                    "x": -5,
                                                    "y": 450,
                                                    "h": 80,
                                                    "w": 120
                                                },
                                                {
                                                    "name": "Leave Swarm",
                                                    "x": -55,
                                                    "y": 230,
                                                    "h": 70,
                                                    "w": 220
                                                }
                                            ],
                                            "layoutMode": "auto",
                                            "type": "graph",
                                            "name": "191b13c5-ee0b-494e-a67d-5741836de49d",
                                            "children": [
                                                {
                                                    "type": "finish",
                                                    "name": "a036a2998ac00cf8002974b6062dc5",
                                                    "children": []
                                                },
                                                {
                                                    "allowFailure": false,
                                                    "useImpersonation": false,
                                                    "showHidden": false,
                                                    "impersonationUseSudo": false,
                                                    "pluginVersion": 9,
                                                    "commandName": "Leave Swarm",
                                                    "pluginName": "Docker",
                                                    "properties": {
                                                        "commandOptions": "--force",
                                                        "globalOptions": "",
                                                        "envVars": ""
                                                    },
                                                    "type": "plugin",
                                                    "name": "Leave Swarm",
                                                    "children": []
                                                }
                                            ]
                                        }
                                    },
                                    {
                                        "name": "Remove Stack",
                                        "description": "Remove the GettingStarted stack",
                                        "defaultWorkingDir": "${p:resource\/work.dir}\/${p:component.name}",
                                        "takesVersion": true,
                                        "inventoryActionType": "REMOVE",
                                        "status": "Active",
                                        "active": true,
                                        "path": "components\/d0f557a0-f73e-490c-ac20-faecd9864b6f\/processes\/21f88bec-1acb-4208-b1b0-89585e3755a9",
                                        "deleted": false,
                                        "propDefs": [],
                                        "rootActivity": {
                                            "edges": [
                                                {
                                                    "to": "Remove Stack",
                                                    "type": "ALWAYS",
                                                    "value": ""
                                                },
                                                {
                                                    "to": "0eac1f4591929d0955256e551d48cb",
                                                    "from": "Remove Stack",
                                                    "type": "SUCCESS",
                                                    "value": ""
                                                }
                                            ],
                                            "offsets": [
                                                {
                                                    "name": "0eac1f4591929d0955256e551d48cb",
                                                    "x": -5,
                                                    "y": 450,
                                                    "h": 80,
                                                    "w": 120
                                                },
                                                {
                                                    "name": "Remove Stack",
                                                    "x": -60,
                                                    "y": 230,
                                                    "h": 70,
                                                    "w": 230
                                                }
                                            ],
                                            "layoutMode": "auto",
                                            "type": "graph",
                                            "name": "92c1d1ad-c714-44cd-8764-c438b6dbc22f",
                                            "children": [
                                                {
                                                    "type": "finish",
                                                    "name": "0eac1f4591929d0955256e551d48cb",
                                                    "children": []
                                                },
                                                {
                                                    "allowFailure": false,
                                                    "useImpersonation": false,
                                                    "showHidden": false,
                                                    "impersonationUseSudo": false,
                                                    "pluginVersion": 9,
                                                    "commandName": "Remove Stack",
                                                    "pluginName": "Docker",
                                                    "properties": {
                                                        "stackName": "GettingStarted",
                                                        "globalOptions": "",
                                                        "envVars": ""
                                                    },
                                                    "type": "plugin",
                                                    "name": "Remove Stack",
                                                    "children": []
                                                }
                                            ]
                                        }
                                    }
                                ],
                                "configTemplates": [],
                                "genericProcesses": [],
                                "teamMappings": [{
                                    "teamId": "c2e4f06a-19c8-4c99-8fdc-0883bfcec120",
                                    "teamLabel": "Container Team",
                                    "resourceTypeId": "20000000000000000000000000000101",
                                    "resourceTypeName": "Component"
                                }],
                                "tags": []
                            },
                            "status": "Active",
                            "selectionType": "ALL_EXISTING",
                            "type": "uninstallAllVersionsIterator",
                            "name": "f5e3d61113f2c5a036fc4aaa376e08",
                            "children": [{
                                "componentProcessName": "Remove Stack",
                                "componentName": "GettingStarted",
                                "allowFailure": false,
                                "properties": {},
                                "type": "componentProcess",
                                "name": "Remove stack",
                                "children": []
                            }]
                        }]
                    }
                ]
            },
            "propDefs": [],
            "versionPresets": []
        }
    ],
    "genericProcesses": [],
    "teamMappings": [{
        "teamId": "c2e4f06a-19c8-4c99-8fdc-0883bfcec120",
        "teamLabel": "Container Team",
        "resourceTypeId": "20000000000000000000000000000100",
        "resourceTypeName": "Application"
    }],
    "tags": [],
    "snapshots": [{
        "name": "DockerSwarmGettingStarted_v1",
        "description": "",
        "propSheet": {"properties": []},
        "versions": [{
            "id": "54c5dc7e-41b9-477b-ac9d-06347041c1cb",
            "name": "v1",
            "description": "",
            "type": "FULL",
            "created": 1501081109757,
            "active": true,
            "archived": false,
            "sizeOnDisk": 8192,
            "properties": [],
            "propSheets": [{
                "id": "4726734f-782b-4632-b789-63de4fee0bcf",
                "path": "components\/d0f557a0-f73e-490c-ac20-faecd9864b6f\/versions\/54c5dc7e-41b9-477b-ac9d-06347041c1cb\/propSheetGroup\/propSheets\/4726734f-782b-4632-b789-63de4fee0bcf",
                "version": 2,
                "versionCount": 2,
                "commit": 3879,
                "versioned": true,
                "propSheetDef": {
                    "id": "3727e096-a1b2-474b-bd6e-68e32190e16b",
                    "path": "components\/d0f557a0-f73e-490c-ac20-faecd9864b6f\/versionPropSheetDef",
                    "version": 1,
                    "versionCount": 1,
                    "commit": 3856,
                    "resolveHttpValuesUrl": "property\/propSheetDef\/components%26d0f557a0-f73e-490c-ac20-faecd9864b6f%26versionPropSheetDef.-1\/resolveHttpValues",
                    "versioned": true
                },
                "properties": []
            }],
            "totalSize": 829,
            "totalCount": 1,
            "component": {
                "id": "d0f557a0-f73e-490c-ac20-faecd9864b6f",
                "securityResourceId": "43dc559e-fb47-4255-8499-0a06cf4d6e6d",
                "name": "GettingStarted",
                "description": "",
                "created": 1501080451205,
                "componentType": "STANDARD",
                "ignoreQualifiers": 0,
                "importAutomatically": false,
                "useVfs": true,
                "active": true,
                "integrationFailed": false,
                "deleted": false,
                "defaultVersionType": "FULL",
                "cleanupDaysToKeep": 0,
                "cleanupCountToKeep": 0,
                "tags": [],
                "user": "admin",
                "security": {
                    "read": true,
                    "Create Components": true,
                    "Create Components From Template": true,
                    "Delete": true,
                    "Edit Basic Settings": true,
                    "Edit Components": true,
                    "Manage Configuration Templates": true,
                    "Manage Processes": true,
                    "Manage Properties": true,
                    "Manage Teams": true,
                    "Manage Versions": true,
                    "View Components": true
                }
            },
            "creator": "UC Version Import",
            "statuses": []
        }]
    }],
    "automationPlugins": [
        {
            "id": "dd066ee0-d620-45e9-8ec2-cee215d043d8",
            "pluginId": "com.urbancode.plugin.VFS",
            "name": "UrbanCode Deploy Versioned File Storage",
            "description": "A plugin to allow UrbanCode Deploy to upload artifacts to CodeStation.",
            "version": "28.858562",
            "versionNumber": 30,
            "ghostedDate": 0
        },
        {
            "id": "bdb79989-5ad4-48ed-9b61-54e425c663f3",
            "pluginId": "com.urbancode.air.plugin.uDeployApplication",
            "name": "UrbanCode Deploy Applications",
            "description": "Plugin for creating and managing UrbanCode Deploy applications.",
            "version": "73.895358",
            "versionNumber": 78,
            "ghostedDate": 0
        },
        {
            "id": "9b69037c-9384-4475-b206-5e64ae0c9d67",
            "pluginId": "com.urbancode.air.plugin.docker",
            "name": "Docker",
            "description": "This plug-in includes steps to manage the lifecycle of Docker containers.",
            "version": "#RELEASE_VERSION#",
            "versionNumber": 9,
            "ghostedDate": 0
        }
    ],
    "sourceConfigPlugins": [{
        "id": "6c8de36f-088b-4f57-be51-73d3a9e8b367",
        "pluginId": "com.urbancode.air.plugin.source.fileSystemVersioned",
        "name": "File System (Versioned)",
        "description": "The File System Versioned plugin automates uploading artifacts from a versioned file system.",
        "version": "8.903289",
        "versionNumber": 8,
        "ghostedDate": 0,
        "componentPropSheetDef": {
            "id": "890630ea-2a7d-4bd3-9ee8-ade524952b58",
            "name": "FileSystemVersionedComponentProperties",
            "versioned": false,
            "resolveHttpValuesUrl": "property\/propSheetDef\/890630ea-2a7d-4bd3-9ee8-ade524952b58\/resolveHttpValues"
        },
        "importPropSheetDef": {
            "id": "285426cf-b396-404a-af98-9aa13688a362",
            "versioned": false,
            "resolveHttpValuesUrl": "property\/propSheetDef\/285426cf-b396-404a-af98-9aa13688a362\/resolveHttpValues"
        },
        "componentPropDefs": [
            {
                "id": "5f20cdf1-a240-42ef-abe9-6b7f807b0a28",
                "name": "basePath",
                "label": "Base Path",
                "type": "TEXT",
                "value": "",
                "required": true,
                "description": "Specify the path to the directory that contains the artifacts. The content of each subdirectory within this base directory is considered a distinct component version. The subdirectory with the most recent timestamp is considered to be the latest version.",
                "placeholder": "\/home\/user\/components",
                "inherited": false
            },
            {
                "id": "a1937aa6-d36e-45c3-914a-737385189f60",
                "name": "saveFileExecuteBits",
                "label": "Preserve Execute Permissions",
                "type": "CHECKBOX",
                "value": "",
                "required": false,
                "description": "For Linux and UNIX operating systems, select this check box to retain the execute permissions for each file.",
                "inherited": false
            },
            {
                "id": "f727b0d4-5984-4aa7-907b-20dae03f039f",
                "name": "extensions",
                "label": "Text File Extensions",
                "type": "TEXT",
                "value": "",
                "required": false,
                "description": "If text-type files must be converted into another character set, type the list of file extensions to be converted. Matching file types are converted into the default character set of the system where the agent is located. Separate list items with commas.",
                "placeholder": ".txt,.log,.properties",
                "inherited": false
            },
            {
                "id": "9395ebb8-afe2-4d5c-b111-6bfaceaa4b6c",
                "name": "includes",
                "label": "Include Files",
                "type": "TEXTAREA",
                "value": "",
                "required": false,
                "description": "Files included in the version upload. The default setting of **\/* uploads all files. Separate files with commas or newline characters.",
                "placeholder": "**\/*",
                "inherited": false
            },
            {
                "id": "0890fde1-2576-477a-8edd-e8fc9c5824b5",
                "name": "excludes",
                "label": "Exclude Files",
                "type": "TEXTAREA",
                "value": "",
                "required": false,
                "description": "Files excluded in the version upload. Separate files with commas or newline characters.",
                "inherited": false
            }
        ],
        "importPropDefs": []
    }]
}